folder,business_name,location,contact_first_name,digital_headline,custom_script,rep_name,rep_email,rep_phone,default_station
cheslers-shoes,Cheslers Shoes,,Cara,Seasons Greetings from,,Tommy West,tommyww@mbcmedia.ca,905-372-5401 x 2545,cr
allen-insurance-group,Allen Insurance Group,,Mitzy,Merry Christmas from,,Tommy West,tommyww@mbcmedia.ca,905-372-5401 x 2545,my
chuck-it-removal-services,CHUCK-IT Removal Services,,Jennifer,Merry Christmas from,,Tommy West,tommyww@mbcmedia.ca,905-372-5401 x 2545,my
csn-lakeshore-port-hope,CSN Lakeshore Port Hope,,AJ,Merry Christmas from,,Tommy West,tommyww@mbcmedia.ca,905-372-5401 x 2545,cr
elliott-insurance-services,Elliott Insurance Services,,Derek,Merry Christmas from,,Tommy West,tommyww@mbcmedia.ca,905-372-5401 x 2545,my
gwc-insulation,GWC Insulation,,Jeremy,Merry Christmas from,,Tommy West,tommyww@mbcmedia.ca,905-372-5401 x 2545,cr
justins-pet-store,Justin's Pet Store,,Justin,Merry Christmas from,,Tommy West,tommyww@mbcmedia.ca,905-372-5401 x 2545,my
marlin-travel-cobourg,Marlin Travel Cobourg,,Khalid,Merry Christmas from,,Tommy West,tommyww@mbcmedia.ca,905-372-5401 x 2545,my
play-it-again-sports-cobourg,Play It Again Sports Cobourg,,Lee,Merry Christmas from,,Tommy West,tommyww@mbcmedia.ca,905-372-5401 x 2545,my
superior-heating-and-cooling-northumberland,Superior Heating and Cooling Northumberland,,Keith,Merry Christmas from,,Tommy West,tommyww@mbcmedia.ca,905-372-5401 x 2545,cr
blue-water-cooler-solutions,Blue Water Cooler Solutions,,David,Merry Christmas from,,Tommy West,tommyww@mbcmedia.ca,905-372-5401 x 2545,cr
central-restoration-services,Central Restoration Services,,Randy,Merry Christmas from,,Tommy West,tommyww@mbcmedia.ca,905-372-5401 x 2545,cr
dulux-paints-cobourg,Dulux Paints Cobourg,,Kevin,Merry Christmas from,,Tommy West,tommyww@mbcmedia.ca,905-372-5401 x 2545,my
first-line-heating-and-air,First Line Heating and Air,,Ryan,Merry Christmas from,,Tommy West,tommyww@mbcmedia.ca,905-372-5401 x 2545,cr
green-crew-construction,Green Crew Construction,,Manny,Merry Christmas from,,Tommy West,tommyww@mbcmedia.ca,905-372-5401 x 2545,cr
hill-county-property-services,Hill County Property Services,,Chris,Merry Christmas from,,Tommy West,tommyww@mbcmedia.ca,905-372-5401 x 2545,cr
miranda-dawe-realtor,"Miranda Dawe, Realtor",,Miranda,Merry Christmas from,,Tommy West,tommyww@mbcmedia.ca,905-372-5401 x 2545,my
soluroc,Soluroc,,Bill,Merry Christmas from,,Tommy West,tommyww@mbcmedia.ca,905-372-5401 x 2545,my
